title,Release date,Running time (int),Country,Box office,Directed by,Produced by,Written by,Budget
Academy Award Review of ,5/19/1937,41,United States,$45.47 ,,,,
Snow White and the Seven Dwarfs,12/21/1937,83,United States,$418 million,"['David Hand(supervising)', 'William Cottrell', 'Wilfred Jackson', 'Larry Morey', 'Perce Pearce', 'Ben Sharpsteen']",Walt Disney,"['Ted Sears', 'Richard Creedon', 'Otto Englander', 'Dick Rickard', 'Earl Hurd', 'Merrill De Maris', 'Dorothy Ann Blank', 'Webb Smith']",$1.49 million
Pinocchio,2/7/1940,88,United States,$164 million,"['Ben Sharpsteen', 'Hamilton Luske', 'Bill Roberts', 'Norman Ferguson', 'Jack Kinney', 'Wilfred Jackson', 'T. Hee']",Walt Disney,,$2.6 million
Fantasia,11/13/1940,126,United States,$76.4–$83.3 million,"['Samuel Armstrong', 'James Algar', 'Bill Roberts', 'Paul Satterfield', 'Ben Sharpsteen', 'David D. Hand', 'Hamilton Luske', 'Jim Handley', 'Ford Beebe', 'T. Hee', 'Norman Ferguson', 'Wilfred Jackson']","['Walt Disney', 'Ben Sharpsteen']",,$2.28 million
The Reluctant Dragon,6/27/1941,74,United States,"$960,000 (worldwide rentals)","['Directed by', 'Alfred Werker', '(live action)', 'Hamilton Luske', '(animation)', 'Jack Cutting', ',', 'Ub Iwerks', ',', 'Jack Kinney', '(sequence directors)']",Walt Disney,"['Written by', 'Live-action:', 'Ted Sears', 'Al Perkins', 'Larry Clemmons', 'Bill Cottrell', 'Harry Clork', 'Robert Benchley', 'The Reluctant Dragon', 'segment:', 'Kenneth Grahame', '(original book)', 'Erdman Penner', 'T. Hee', 'Baby Weems', 'segment:', 'Joe Grant', 'Dick Huemer', 'John Miller']","$600,000 "
Dumbo,10/23/1941,64,United States,"$1.3 million (est. United States/Canada rentals, 1941)","['Directed by', 'Ben Sharpsteen', '(supervising director)', 'Norman Ferguson', 'Wilfred Jackson', 'Bill Roberts', 'Jack Kinney', 'Samuel Armstrong']",Walt Disney,,"$950,000 "
Bambi,8/9/1942,70,United States,$267.4 million,"['Directed by', 'Supervising director', 'David Hand', 'Sequence directors', 'James Algar', 'Samuel Armstrong', 'Graham Heid', 'Bill Roberts', 'Paul Satterfield', 'Norman Wright']",Walt Disney,,"$858,000 "
Saludos Amigos,8/24/1942,42,United States,"$1,135,000 (worldwide rentals)","['Norman Ferguson', 'Wilfred Jackson', 'Jack Kinney', 'Hamilton Luske', 'Bill Roberts']",Walt Disney,,
Victory Through Air Power,7/17/1943,65,United States,"$799,000 ","['Directed by', 'Animated sequences:', 'James Algar', 'Clyde Geronimi', 'Jack Kinney', 'de Seversky scenes:', 'H.C. Potter']",Walt Disney,"['Written by', 'Story direction:', 'Perce Pearce', 'Story adaptation:', 'T. Hee', 'Erdman Penner', 'Bill Cottrell', 'James Brodero', 'George Stallings', 'Jose Rodriguez']","$788,000 "
The Three Caballeros,12/21/1944,71,United States,"$3,355,000 (worldwide rentals)","['Norman Ferguson(supervising director)', 'Clyde Geronimi', 'Jack Kinney', 'Bill Roberts', 'Harold Young(sequence directors)']",Walt Disney,,
Make Mine Music,4/20/1946,75,United States,$3.275 million (worldwide rentals),"['Jack Kinney', 'Clyde Geronimi', 'Hamilton Luske', 'Joshua Meador', 'Robert Cormack']",Walt Disney,,$1.35 million
Song of the South,11/12/1946,94,United States,$65 million,"['Live action:', 'Harve Foster', 'Animation:', 'Wilfred Jackson']",Walt Disney,,$2.125 million
Fun and Fancy Free,9/27/1947,73,United States,"$3,165,000 (worldwide rentals)","['Jack Kinney(animation)', 'Bill Roberts(animation)', 'Hamilton Luske(animation)', 'William Morgan']",Walt Disney,,
Melody Time,5/27/1948,75,United States,"$2,560,000 (worldwide rentals)","['Directed by', 'Jack Kinney', 'Clyde Geronimi', 'Hamilton Luske', 'Wilfred Jackson']",Walt Disney,"['Written by', 'Winston Hibler', 'Harry Reeves', 'Ken Anderson', 'Erdman Penner', 'Homer Brightman', 'Ted Sears', 'Joe Rinaldi', 'Bill Cottrell', 'Jesse Marsh', 'Art Scott', 'Bob Moore', 'John Walbridge']",$1.5 million
So Dear to My Heart,11/29/1948,82,United States,"$3.7 million (U.S. rental) $575,000 (foreign rental)","['Directed by', 'Harold D. Schuster', 'Hamilton Luske']","['Produced by', 'Walt Disney', 'Perce Pearce']","['Written by', 'Ken Anderson', 'John Tucker Battle', 'Marc Davis', 'Bill Peet', 'Maurice Rapf', 'Ted Sears']",$1.5 million
The Adventures of Ichabod andMr. Toad,10/5/1949,68,United States,"$1,625,000 (worldwide rentals)","['Jack Kinney', 'Clyde Geronimi', 'James Algar', 'Ben Sharpsteen(production supervisor)']",Walt Disney,,
Cinderella,2/15/1950,74,United States,$263.6 million,"['Clyde Geronimi', 'Hamilton Luske', 'Wilfred Jackson', 'Ben Sharpsteen(production supervisor)']",Walt Disney,,$2.9 million
Treasure Island,6/22/1950,96,,"$4,100,000 (worldwide rentals)",Byron Haskin,"['Walt Disney', 'Perce Pearce']",Lawrence Edward Watkin,"$1,800,000 "
Alice in Wonderland,7/26/1951,75,United States,"$5.6 million (US, 1951)","['Clyde Geronimi', 'Wilfred Jackson', 'Hamilton Luske']",Walt Disney,,$3 million
The Story of Robin Hood,3/13/1952,84,,$2.1 million (US rentals),Ken Annakin,"['Produced by', 'Perce Pearce', 'Walt Disney']",Lawrence Edward Watkin,
Peter Pan,2/5/1953,77,United States,$87.4 million,"['Clyde Geronimi', 'Wilfred Jackson', 'Hamilton Luske']",Walt Disney,,$4 million
The Sword and the Rose,8/8/1953,92,,$1 million (US),Ken Annakin,"['Produced by', 'Perce Pearce', 'Walt Disney']","['Written by', 'Lawrence Edward Watkin', '(screenplay)', 'Charles Major', '(novel ""When Knighthood was in Flower"")']",$2 million
The Living Desert,11/10/1953,69,United States,$2.6 million (US),James Algar,"['Produced by', 'Ben Sharpsteen', 'Walt Disney']","['Written by', 'James Algar', 'Winston Hibler']","$300,000 "
Rob Roy: The Highland Rogue,10/26/1953,81,,,Harold French,"['Produced by', 'Perce Pearce', 'Walt Disney']",Lawrence Edward Watkin,$1.8 million
The Vanishing Prairie,8/17/1954,,United States,$1.75 million (US and Canadian rentals),James Algar,"['Produced by', 'Ben Sharpsteen', 'Walt Disney']","['Written by', 'James Algar', 'Winston Hibler']",
"20,000 Leagues Under the Sea",12/23/1954,127,United States,$28.2 million,Richard Fleischer,Walt Disney,,$5 million
Davy Crockett: King of the Wild Frontier,5/25/1955,92,United States,"$2,150,000 (US)",Norman Foster,Bill Walsh,Tom Blackburn,
Lady and the Tramp,6/22/1955,76,United States,$187 million,"['Clyde Geronimi', 'Wilfred Jackson', 'Hamilton Luske']",Walt Disney,,$4 million
The African Lion,9/14/1955,75,United States,$2.1 million (US),James Algar,Ben Sharpsteen,"['Written by', 'James Algar', 'Winston Hibler']",
The Littlest Outlaw,12/22/1955,73,,$1.6 million (US),Roberto Gavaldón,,,
The Great Locomotive Chase,6/8/1956,85,United States,$1.7 million (US),Francis D. Lyon,"['Produced by', 'Lawrence Edward Watkin', 'Walt Disney']",Lawrence Edward Watkin,
Davy Crockett and the River Pirates,7/18/1956,81,United States,,Norman Foster,Bill Walsh,"['Written by', 'Tom Blackburn', 'Norman Foster']",
Secrets of Life,9/4/1956,70,United States,,James Algar,Ben Sharpsteen,James Algar,
Westward Ho the Wagons!,12/20/1956,90,United States,$2.75 million (US),William Beaudine,Bill Walsh,,
Johnny Tremain,6/19/1957,80,United States,,Robert Stevenson,Walt Disney,"['Written by', 'Esther Forbes', 'Tom Blackburn']","$700,000 "
Perri,8/28/1957,75,United States,$1.75 million (US rentals),"['Directed by', 'N. Paul Kenworthy', 'Ralph Wright']",Winston Hibler,"['Written by', 'Ralph Wright', 'Winston Hibler', 'Felix Salten']",
Old Yeller,12/25/1957,83,United States,"$6,250,000 (US/Canada rentals)",Robert Stevenson,Walt Disney,,
The Light in the Forest,7/8/1958,83,United States,,Herschel Daugherty,Walt Disney,Lawrence Edward Watkin,
White Wilderness,8/12/1958,72,,$1.8 million (est. US/ Canada rentals),James Algar,"Ben Sharpsteen,Walt Disney",James Algar,
Tonka,12/25/1958,97,United States,$2.5 million (est. US/ Canada rentals),Lewis R. Foster,"['Produced by', 'James C. Pratt', 'John Lasseter']","['Written by', 'David Appel', 'Lewis R. Foster', 'Lillie Hayward']",
Sleeping Beauty,1/29/1959,75,United States,$51.6 million (United States/Canada),"['Clyde Geronimi(supervising)', 'Eric Larson', 'Wolfgang Reitherman', 'Les Clark']",Walt Disney,Erdman Penner,$6 million
The Shaggy Dog,3/19/1959,104,United States,$12.3 million (US and Canada rentals),Charles Barton,"['Produced by', 'Walt Disney', 'Bill Walsh']","['Written by', 'Lillie Hayward', 'Bill Walsh']","under $1 millionor $1,250,000"
Darby O'Gill and the Little People,6/24/1959,93,United States,"['Box office', 'Original release', ':', '$2.6 million (est. US/ Canada rentals)', '1969 re-release', ':', '$2.3 million  (US/ Canada rentals)']",Robert Stevenson,"['Produced by', 'Bill Anderson', 'Walt Disney']","['Written by', 'H. T. Kavanagh', '(stories)', 'Lawrence Edward Watkin']",
Third Man on the Mountain,11/10/1959,105,United States,"$1,700,000 (US/Canada rentals)",Ken Annakin,"['Produced by', 'Bill Anderson', 'Walt Disney']",Eleanore Griffin,$2 million
Toby Tyler or 10 Weeks with a Circus,1/21/1960,95,United States,"$3,100,000 (US/Canada rentals)",Charles Barton,Bill Walsh,Lillie HaywardandBill Walsh,
Kidnapped,2/24/1960,97,United States,,Robert Stevenson,Walt Disney,Robert Stevenson,
Pollyanna,5/19/1960,134,United States,$3.75 million (US and Canadian rentals),David Swift,"['Produced by', 'David Swift', 'Walt Disney', 'Associate Producer:', 'George Golitzen']",,$2.5 million
Jungle Cat,6/1/1960,69,United States,$2.3 million (US and Canadian rentals),James Algar,Ben Sharpsteen,James Algar,
Ten Who Dared,11/1/1960,92,United States,,William Beaudine,"['Produced by', 'Walt Disney', 'James Algar']",Lawrence Edward Watkin,
Swiss Family Robinson,12/21/1960,126,United States,$40 million,Ken Annakin,"['Produced by', 'Bill Anderson', 'Basil Keys', 'Walt Disney']",Lowell S. Hawley,$4 million
One Hundred and One Dalmatians,1/25/1961,79,United States,$303 million,"['Clyde Geronimi', 'Hamilton Luske', 'Wolfgang Reitherman']",Walt Disney,,$3.6 million
The Absent-Minded Professor,3/16/1961,97,United States,$25.4 million,Robert Stevenson,"['Walt Disney', 'Bill Walsh']",Bill Walsh,
The Parent Trap,6/21/1961,128,United States,$25.1 million,David Swift,"['Produced by', 'Walt Disney', 'George Golitzen']",David Swift,
Nikki: Wild Dog of the North,7/12/1961,74,United States,,"['Directed by', 'Jack Couffer', 'Don Haldane']",Winston Hibler,,
Greyfriars Bobby,7/17/1961,91,United States,,Don Chaffey,"['Walt Disney', 'Hugh Attwooll']",Robert Westerby,
Babes in Toyland,10/22/1961,105,United States,$4.6 million (U.S./Canada rentals),Jack Donohue,Walt Disney,"['Lowell S. Hawley', 'Ward Kimball', 'Joe Rinaldi']",$3 million
Moon Pilot,4/5/1962,98,United States,$3.5 million,James Neilson,Walt Disney,Maurice Tombragel,
Bon Voyage!,5/17/1962,130,United States,$5 million(rentals),James Neilson,Walt Disney,"['Written by', 'James A. Herne', 'Charles Kenyon']",$3 million
Big Red,6/6/1962,89,United States,,Norman Tokar,Walt Disney,"['Written by', 'Jim Kjelgaard', '(novel)', 'Louis Pelletier']",
Almost Angels,9/26/1962,93,United States,,Steve Previn,Walt Disney,"['Vernon Harris', 'Robert A. Stemmle']",
The Legend of Lobo,11/7/1962,67,United States,,"['Directed by', 'James Algar', 'Jack Couffer']","['Produced by', 'Walt Disney', 'James Algar', 'Jack Couffer']",Dwight Hauser and James Algar,
In Search of the Castaways,11/14/1962,98,United States,"$21,745,500 ",Robert Stevenson,"['Produced by', 'Associate Producer:', 'Hugh Attwooll']",Lowell S. Hawley,
Son of Flubber,1/16/1963,100,United States,$22.1 million,Robert Stevenson,"['Produced by', 'Walt Disney', 'Bill Walsh']","['Written by', 'Don DaGradi', 'Bill Walsh']",
Miracle of the White Stallions,3/29/1963,118,United States,"$2,550,000 (US/ Canada)",Arthur Hiller,"['Produced by', 'Ron Miller', 'Walt Disney']","['Written by', 'Alois Podhajsky', 'AJ Carothers']",
Savage Sam,6/1/1963,103,United States,"$3,000,000 (US/ Canada)",Norman Tokar,"['Walt Disney', 'Ron Miller']","['Fred Gipson', 'William Turberg']",
Summer Magic,7/7/1963,110,United States,"$4,350,000 (US/ Canada rentals)",James Neilson,"['Walt Disney', 'Ron Miller']",Sally Benson,
The Incredible Journey,11/20/1963,80,,$4.2 million (US/Canada) (rentals),Fletcher Markle,"['Produced by', 'James Algar', 'Walt Disney']",James Algar,
The Sword in the Stone,12/25/1963,79,United States,$22.2 million,Wolfgang Reitherman,Walt Disney,,$3 million
A Tiger Walks,3/12/1964,91,United States,"est. $1,600,000 (US/ Canada)",Norman Tokar,"['Produced by', 'Bill Anderson', 'Ron W. Miller']",Lowell S. Hawley,
The Misadventures of Merlin Jones,2/11/1964,91,United States,"$4,000,000 (US/ Canada)",Robert Stevenson,"['Walt Disney', 'Ron Miller']",,
The Three Lives of Thomasina,12/11/1963,97,,"$2,250,000 (US/ Canada)",Don Chaffey,"['Walt Disney', 'Ron MillerWalt Disney']",Robert Westerby,
The Moon-Spinners,7/2/1964,118,,"est. $3,500,000 (US/ Canada)",James Neilson,"['Produced by', 'Ron Miller', 'Walt Disney']",Michael Dyne,
Mary Poppins,8/27/1964,139,United States,$103.1 million,Robert Stevenson,Walt Disney,,$4.4–6 million
Emil and the Detectives,12/18/1964,92,United States,"$1,275,000 ",Peter Tewksbury,"['Produced by', 'John McKimson', 'Walt Disney']",Erich Kästner,
Those Calloways,1/28/1965,131,United States,"$3,500,000 (US/ Canada rentals)",Norman Tokar,,,
The Monkey's Uncle,8/18/1965,87,United States,"$4,000,000 (US/Canada rentals)",Robert Stevenson,"['Produced by', 'Ron Miller', 'Walt Disney']","['Written by', 'Alfred Lewis Levitt', 'Helen Levitt']",
That Darn Cat!,12/2/1965,116,United States,"$28,068,222 ",Robert Stevenson,"['Produced by', 'Walt Disney', 'Bill Walsh', 'Ron W. Miller']",,
The Ugly Dachshund,2/4/1966,93,United States,$6.2 million (est. US/ Canada rentals),Norman Tokar,"['Produced by', 'Walt Disney', 'Winston Hibler']",,
"Lt. Robin Crusoe, U.S.N.",6/25/1966,110,United States,"$22,565,634 ",Byron Paul,"['Produced by', 'Ron W. Miller', 'Bill Walsh', 'Walt Disney', '(uncredited)']","['Written by', 'Walt Disney', 'Don DaGradi', 'Bill Walsh', 'Daniel Defoe', '(novel)']",
The Fighting Prince of Donegal,10/1/1966,110,,,Michael O'Herlihy,Walt Disney,"['Written by', 'Robert Westerby', ',', 'Robert T. Reilly']",
"Follow Me, Boys!",12/1/1966,131,United States,"$16,207,116 ",Norman Tokar,"['Produced by', 'Walt Disney', 'Winston Hibler']",,
"Monkeys, Go Home!",2/8/1967,101,United States,"$3,000,000 (US/ Canada)",Andrew V. McLaglen,Walt Disney,,
The Adventures of Bullwhip Griffin,6/15/1967,108,United States,"$1,900,000 (US/ Canada)",James Neilson,Walt Disney,,
The Gnome-Mobile,7/12/1967,84,United States,"$4,000,000 (US/ Canada)",Robert Stevenson,"['Produced by', 'James Algar', 'Walt Disney']",Ellis Kadison,
The Jungle Book,10/18/1967,78,United States,$378 million,Wolfgang Reitherman,Walt Disney,,$4 million
"Charlie, the Lonesome Cougar",10/19/1967,75,United States,,Winston Hibler,"['Produced by', 'Walt Disney', 'Winston Hibler', 'Charles L. Draper']",Jack Speirs,
The Happiest Millionaire,6/23/1967,,United States,$5 million (U.S./Canada rentals),Norman Tokar,"['Produced by', 'Walt Disney', 'Bill Anderson']",,$5 million
Blackbeard's Ghost,2/8/1968,106,United States,"$21,540,050 ",Robert Stevenson,Bill Walsh,,
"The One and Only, Genuine, Original Family Band",3/21/1968,110,United States,"$2,250,000 (US/ Canada)",Michael O'Herlihy,Bill Anderson,,
Never a Dull Moment,6/26/1968,99,United States,"$4,150,000 (US/ Canada rentals)",Jerry Paris,Ron Miller,AJ Carothers,
The Horse in the Gray Flannel Suit,12/20/1968,113,United States,$3.3 million  (US/ Canada rentals),Norman Tokar,Winston Hibler,"['Written by', 'Eric Hatch', '(book)', 'Louis Pelletier']",
The Love Bug,12/24/1968,108,United States,"$51,264,000 ",Robert Stevenson,Bill Walsh,,$5 million
Smith!,3/21/1969,112,United States,$1.3 million (US/ Canada rentals),Michael O'Herlihy,Bill Anderson,Louis Pelletier,
Rascal,6/11/1969,93,United States,,Norman Tokar,James Algar,Harold Swanton,
The Computer Wore Tennis Shoes,12/31/1969,91,United States,$5.5 million (US/ Canada rentals),Robert Butler,Bill Anderson,Joseph L. McEveety,
King of the Grizzlies,2/11/1970,93,,,Ron Kelly,Winston Hibler,,
The Boatniks,7/1/1970,100,United States,"$18,607,492 ",Norman Tokar,Ron Miller,Arthur Julian,
The Wild Country,12/15/1970,100,United States,$4 million (rentals) (US/Canada),Robert Totten,Ron Miller,"['Written by', 'Calvin Clements Jr.', 'Paul Savage']",
The Aristocats,12/11/1970,79,United States,$191 million,Wolfgang Reitherman,"['Produced by', 'Winston Hibler', 'Wolfgang Reitherman']",,$4 million
The Barefoot Executive,3/17/1971,96,United States,,Robert Butler,Bill Anderson,,
Scandalous John,6/22/1971,113,United States,,Robert Butler,Bill Walsh,Bill Walsh,
The Million Dollar Duck,6/30/1971,89,United States,$5.1 million (North America) (rentals),Vincent McEveety,Bill Anderson,,
Bedknobs and Broomsticks,10/7/1971,,United States,$17.9 million,Robert Stevenson,Bill Walsh,,$6.3 million
The Biscuit Eater,3/22/1972,92,United States,,Vincent McEveety,Bill Anderson,,
"Now You See Him, Now You Don't",7/12/1972,88,United States,"$4,610,000 (US/Canada) (rentals)",Robert Butler,Ron Miller,,
Napoleon and Samantha,7/5/1972,92,United States,,Bernard McEveety,Winston Hibler,Stewart Raffill,
"Run, Cougar, Run",10/18/1972,87,United States,,Jerome Courtland,James Algar,,
Snowball Express,12/22/1972,93,United States,"$6,100,000 (US/ Canada rentals)",Norman Tokar,"['Produced by', 'Ron Miller', 'Tom Leetch']","['Written by', 'Frankie O\'Rear (book ""Chateau Bon Vivant"")', 'John O\'Rear (book ""Chateau Bon Vivant"")', 'Don Tait', 'Jim Parker', 'Arnold Margolin']",
The World's Greatest Athlete,2/1/1973,93,United States,"$22,583,370 ",Robert Scheerer,Bill Walsh,"['Written by', 'Dee Caruso', 'Gerald Gardner']",
Charley and the Angel,3/23/1973,93,United States,,Vincent McEveety,Bill Anderson,"['Written by', 'Will Stanton', '(book author)', 'Roswell Rogers (film writer)']",
Robin Hood,11/8/1973,83,United States,$32 million,Wolfgang Reitherman,Wolfgang Reitherman,,$5 million
Superdad,12/14/1973,96,United States,$7 million (US/Canada rentals),Vincent McEveety,Bill Anderson,"['Written by', 'Joseph L. McEveety', 'Harlan Ware']",
Herbie Rides Again,6/6/1974,88,United States,"['Box office', '$38,229,000 (US/Canada gross)', '$30.8 million (worldwide rentals)']",Robert Stevenson,Bill Walsh,,
The Bears and I,7/31/1974,89,United States,$4 million (rentals) (US/Canada),Bernard McEveety,Winston Hibler,,
The Castaway Cowboy,8/1/1974,91,United States,,Vincent McEveety,"['Produced by', 'Ron Miller', 'Winston Hibler']",Don Tait,
The Island at the Top of the World,12/20/1974,93,United States,$10 million (US/Canada rentals),Robert Stevenson,Winston Hibler,"['Written by', 'Ian Cameron', '(novel)', 'John Whedon', '(screenplay)']",$8 million
The Strongest Man in the World,2/6/1975,92,United States,$6.6 million (US/Canada rentals),Vincent McEveety,Bill Anderson,"['Written by', 'Joseph L. McEveety', 'Herman Groves']",
Escape to Witch Mountain,3/21/1975,97,United States,"$20,000,000 ",John Hough,"['Produced by', 'Ron Miller', 'Jerome Courtland']",,
The Apple Dumpling Gang,7/1/1975,100,United States,"$36,853,000 ",Norman Tokar,Bill Anderson,Don Tait,
One of Our Dinosaurs is Missing,7/9/1975,100,,$5.5 million (North American rentals),Robert Stevenson,Bill Walsh,Bill Walsh,
The Best of Walt Disney's True-Life Adventures,10/8/1975,89,United States,,,"['Produced by', 'Ben Sharpsteen', 'James Algar']","['Written by', 'James Algar', 'Winston Hibler', 'Ted Sears']",
Ride a Wild Pony,12/25/1975,91,,,Don Chaffey,Jerome Courtland,Rosemary Anne Sisson,AU$1 million
"No Deposit, No Return",2/11/1976,112,United States,,Norman Tokar,Ron Miller,"['Written by', 'Arthur Alsberg', 'Don Nelson']",
Treasure of Matecumbe,7/1/1976,115,United States,,Vincent McEveety,"['Produced by', 'Bill Anderson', 'Ron Miller']",Don Tait,
Gus,7/7/1976,95,United States,"$21,873,000 ",Vincent McEveety,Ron Miller,,
The Shaggy D.A.,12/16/1976,91,United States,$10.5 million (US and Canada rentals),Robert Stevenson,Bill Anderson,Don Tait,
Freaky Friday: The Movie,12/17/1976,95,United States,$36 million,Gary Nelson,Ron Miller,,$5 million
Escape from the Dark,5/26/1976,104,,,Charles Jarrott,Ron Miller,Rosemary Anne Sisson,
The Many Adventures of ,3/11/1977,74,United States,,"['Directed by', 'John Lounsbery', 'Wolfgang Reitherman']",Wolfgang Reitherman,,
A Tale of Two Critters,6/22/1977,48,United States,,Jack Speirs,Jack Speirs,,
The Rescuers,6/22/1977,77,United States,$169 million,"['Wolfgang Reitherman', 'John Lounsbery', 'Art Stevens']","['Wolfgang Reitherman', 'Ron W. Miller']",,$7.5 million
Herbie Goes to Monte Carlo,6/24/1977,104,United States,$29 million,Vincent McEveety,Ron Miller,"['Written by', 'Arthur Alsberg', 'Don Nelson']",
Pete's Dragon,11/3/1977,128,United States,$36–39.6 million,Don Chaffey,"['Jerome Courtland', 'Ron W. Miller']",,$10 million
Candleshoe,12/16/1977,101,United States,,Norman Tokar,Ron Miller,"['Written by', 'David Swift', 'Rosemary Anne Sisson']",
Return from Witch Mountain,3/10/1978,94,United States,,John Hough,"['Produced by', 'Ron Miller', 'Jerome Courtland']",Malcolm Marmorstein,
The Cat from Outer Space,6/30/1978,104,United States,,Norman Tokar,Ron Miller,Ted Key,$3.5 to 4 million
Hot Lead and Cold Feet,7/5/1978,90,United States,,Robert Butler,Ron Miller,"['Written by', 'Joe McEveety', 'Arthur Alsberg', 'Don Nelson']",
The North Avenue Irregulars,2/9/1979,100,United States,,Bruce Bilson,Ron Miller,Don Tait,
The Apple Dumpling Gang Rides Again,6/27/1979,88,United States,"$20,931,111 ",Vincent McEveety,"['Produced by', 'Tom Leetch', 'Ron W. Miller']",Don Tait,
Unidentified Flying Oddball,7/19/1979,93,,,Russ Mayberry,Ron Miller,Don Tait,$5.25 million
The Black Hole,12/18/1979,98,United States,"['Box office', '$35.8 million']",Gary Nelson,Ron Miller,,$20 million
The Omega Connection,12/21/1979,100,United States,,Robert Clouse,Jan Williams,"['Written by', 'Gail Morgan Hickman', 'David E. Boston']",
Midnight Madness,2/8/1980,112,United States,$2.9 million,"['Directed by', 'Michael Nankin', 'David Wechter']",Ron Miller,"['Written by', 'Michael Nankin', 'David Wechter']",
The Watcher in the Woods,4/17/1980,84,United States,$5 million,"['John Hough', 'Vincent McEveety(uncredited)']",Ron Miller,,$9 million
Herbie Goes Bananas,6/27/1980,98,United States,$18 million,Vincent McEveety,"['Produced by', 'Kevin Corcoran', 'Ron Miller', 'Don Tait']",Don Tait,
The Last Flight of Noah's Ark,7/9/1980,97,United States,$11 million,Charles Jarrott,"['Produced by', 'Ron Miller', 'Jan Williams']","['Written by', 'Steven W. Carabatsos', 'Sandy Glass', 'George Arthur Bloom']",$6-8 million
Popeye,12/6/1980,114,United States,$60 million,Robert Altman,Robert Evans,,$20 million
The Devil and Max Devlin,2/11/1981,96,United States,$16 million (USA),Steven Hilliard Stern,Jerome Courtland,Mary Rodgers,
Amy,3/20/1981,100,United States,,Vincent McEveety,Jerome Courtland,Noreen Stone,
Dragonslayer,6/26/1981,109,United States,$14.1 million,Matthew Robbins,"['Hal Barwood', 'Howard W. Koch']","['Hal Barwood', 'Matthew Robbins']",$18 million
The Fox and the Hound,7/10/1981,83,United States,$63.5 million,"['Ted Berman', 'Richard Rich', 'Art Stevens']","['Ron Miller', 'Wolfgang Reitherman', 'Art Stevens']",,$12 million
Condorman,8/7/1981,90,United States,,Charles Jarrott,Jan Williams,"['Written by', 'Mickey Rose', 'Marc Stirdivant']",$14 million
Night Crossing,2/5/1982,107,,$8 million,Delbert Mann,Tom Leetch,John McGreevey,
Tron,7/9/1982,96,United States,,Steven Lisberger,Donald Kushner,,
Tex,7/30/1982,103,United States,$7.4 million,Tim Hunter,"['Produced by', 'Tim Zinnemann', 'Ron Miller']",,$5 million
Trenchcoat,3/11/1983,91,United States,"$4,304,286 (US)",Michael Tuchner,Jerry Leider,"['Written by', 'Jeffrey Price', 'Peter S. Seaman']",unknown
Something Wicked This Way Comes,4/29/1983,95,United States,$8.4 million,Jack Clayton,Peter Douglas,Ray Bradbury,$20 million
Never Cry Wolf,10/7/1983,105,United States,$27.6 million,Carroll Ballard,"['Produced by', 'Lewis Allen', 'Jack Couffer', 'Joseph Strick']",,$11 million
Return to Oz,6/21/1985,113,,$11.1 million (USA),Walter Murch,Paul Maslansky,,$28 million
The Black Cauldron,7/26/1985,80,United States,$21.3 million,"['Ted Berman', 'Richard Rich']","['Joe Hale', 'Ron Miller']",,$44 million
The Journey of Natty Gann,9/27/1985,101,United States,$9.7 million (U.S. and Canada only),Jeremy Kagan,Mike Lobell,Jeanne Rosenberg,
One Magic Christmas,11/22/1985,89,,$13 million,Phillip Borsos,Peter O'Brian,,
The Great Mouse Detective,7/2/1986,74,United States,$38.7 million,"['John Musker', 'Dave Michener', 'Ron Clements', 'Burny Mattinson']",Burny Mattinson,,$14 million
Flight of the Navigator,8/1/1986,90,United States,"$18,564,613 ",Randal Kleiser,"['Dimitri Villard', 'Robert Wald']",,$9 million
Benji the Hunted,6/5/1987,89,United States,$22.3 million,Joe Camp,Ben Vaughn,Joe Camp,
The Man from Snowy River II,3/24/1988,110,Australia,"$13,687,027 ",Geoff Burrowes,Geoff Burrowes,"['Written by', 'Banjo Paterson', '(poem)', 'Geoff Burrowes', '(story)', 'John Dixon']",A$8.7 million
Oliver & Company,11/18/1988,74,United States,>$121 million,George Scribner,,,$31 million
"Honey, I Shrunk the Kids",6/23/1989,93,United States,$222.7 million,Joe Johnston,Penney Finkelman Cox,,$18 million
Cheetah,8/18/1989,84,United States,"$8,153,677 (United States)",Jeff Blyth,"['Produced by', 'Roy E. Disney', 'Robert Halmi, Sr.']",,$5 million
The Little Mermaid,11/17/1989,83,United States,,"['Ron Clements', 'John Musker']","['John Musker', 'Howard Ashman']","['Ron Clements', 'John Musker']",$40 million
DuckTales the Movie: Treasure of the Lost Lamp,8/3/1990,74,United States,$18.1 million,Bob Hathcock,"['Bob Hathcock', 'Jean-Pierre Quenet']",,$20 million
The Rescuers Down Under,11/16/1990,77,United States,$47.4 million,"['Hendel Butoy', 'Mike Gabriel']",Thomas Schumacher,,
White Fang,1/18/1991,107,United States,$34.8 million,Randal Kleiser,Markay Powell,,$14 million
Shipwrecked,10/3/1990,93,,$15.1 million,Nils Gaup,"['Produced by', 'John M. Jacobsen', 'Nigel Wooll']","['Written by', 'O.V. Falck-Ytter', '(novel)', 'Nils Gaup', 'Bob Foss', 'Greg Dinner', 'Nick Thiel']",60 millionNorwegian Kroner(around $8.7 million in 1989)
Wild Hearts Can't Be Broken,5/24/1991,88,United States,$7.3 million,Steve Miner,Matt Williams,"['Written by', 'Matt Williams', 'Oley Sassone']",
The Rocketeer,6/21/1991,108,United States,$46.7 million(USA),Joe Johnston,"['Charles Gordon', 'Lawrence Gordon', 'Lloyd Levin']",,$35-40 million
Beauty and the Beast,9/29/1991,84,United States,$440.1 million,"['Gary Trousdale', 'Kirk Wise']",Don Hahn,,$25 million
Newsies,4/10/1992,121,United States,$2.8 million,Kenny Ortega,Michael Finnell,"['Bob Tzudiker', 'Noni White']",$15 million
"Honey, I Blew Up the Kid",7/17/1992,89,United States,$96 million,Randal Kleiser,"['Produced by', 'Dawn Steel', 'Edward S. Feldman']",,$40 million
The Mighty Ducks,10/2/1992,104,United States,$50.8 million,Stephen Herek,"['Jon Avnet', 'Jordan Kerner']",Steven Brill,$14 million
Aladdin,11/25/1992,90,United States,$504.1 million,"['John Musker', 'Ron Clements']","['John Musker', 'Ron Clements']",,$28 million
The Muppet Christmas Carol,12/11/1992,86,United States,$27.2 million,Brian Henson,"['Brian Henson', 'Martin G. Baker']",,$12 million
Homeward Bound: The Incredible Journey,2/3/1993,84,United States,$57 million,Duwayne Dunham,"['Produced by', 'Jeffrey Chernov', 'Franklin R. Levy']","['Written by', 'Caroline Thompson', 'Linda Woolverton', 'Jonathan Roberts', '(', ')']",
A Far Off Place,3/12/1993,108,United States,$12.9 million,Mikael Salomon,"['Produced by', 'Eva Monley', 'Elaine Sperber']",,
The Adventures of Huck Finn,4/2/1993,107,United States,$24.1 million,Stephen Sommers,"['Produced by', 'John Baldecchi', 'Steve White']",,$6.5 million
Hocus Pocus,7/16/1993,96,United States,$44.9 million,Kenny Ortega,"['David Kirschner', 'Steven Haft']",,$28 million
Cool Runnings,10/1/1993,98,United States,$154.9 million,Jon Turteltaub,"['Dawn Steel', 'Susan B. Landau', 'Jeffrey Bydalek']",,$17 million
The Three Musketeers,11/12/1993,105,,$53.9 million,Stephen Herek,"['Produced by', 'Roger Birnbaum', 'Joe Roth']",,$30 million
Iron Will,1/14/1994,108,United States,$21 million,Charles Haid,"['Produced by', 'Patrick J. Palmer', 'James Ployhar', 'Robert Schwartz', 'George Zepp']","['Written by', 'John Michael Hayes', 'Djordje Milicevic', 'Jeff Arch']",
Blank Check,2/11/1994,94,United States,$39 million,Rupert Wainwright,"['Produced by', 'Gary Adelson', 'Craig Baumgarten', 'Tony Shimkin']","['Written by', 'Blake Snyder', 'Colby Carr']",$13 million
D2: The Mighty Ducks,3/25/1994,106,United States,$45.6 million,Sam Weisman,"['Produced by', 'Jon Avnet', 'Jordan Kerner']",Steven Brill,
White Fang 2: Myth of the White Wolf,4/15/1994,102,United States,"$8,878,839 (US)",Ken Olin,Preston Fischer,David Fallon,
The Lion King,6/15/1994,88,United States,$968.5 million,"['Roger Allers', 'Rob Minkoff']",Don Hahn,,$45 million
Angels in the Outfield,7/15/1994,102,United States,$50.2 million,William Dear,"['Produced by', 'Irby Smith', 'Joe Roth', 'Roger Birnbaum']",,$31 million
Squanto: A Warrior's Tale,10/28/1994,102,,"$3,337,685 ",Xavier Koller,Kathryn F. Galan,Darlene Craviotto,
The Santa Clause,11/11/1994,97,United States,$189.8 million,John Pasquin,"['Produced by', 'Robert Newmyer', 'Brian Reilly', 'Jeffrey Silver']","['Written by', 'Leo Benvenuti', 'Steve Rudnick']",$22 million
Rudyard Kipling's The Jungle Book,12/25/1994,111,United States,$43.2 million,Stephen Sommers,"['Produced by', 'Edward S. Feldman', 'Raju Patel']",,$30 million
Heavyweights,2/17/1995,100,United States,$17.6 million,Steven Brill,"['Produced by', 'Roger Birnbaum', 'Joe Roth', 'Morgan Michael Fottrell', 'Charles J.D. Schlissel', 'Jack Giarraputo']","['Written by', 'Steven Brill', 'Judd Apatow']",
Man of the House,3/3/1995,96,United States,"$40,070,995 ",James Orr,"['Produced by', 'Bonnie Bruckheimer', 'Marty Katz']",,$22 million
Tall Tale,3/24/1995,98,United States,$11 million,Jeremiah S. Chechik,"['Produced by', 'Roger Birnbaum', 'Joe Roth']","['Written by', 'Steven L. Bloom', 'Robert Rodat']","['Budget', '$32 million', '(estimated)']"
A Goofy Movie,4/7/1995,78,,$37.6 million,Kevin Lima,Dan Rounds,,
Pocahontas,6/10/1995,81,United States,$346.1 million,"['Mike Gabriel', 'Eric Goldberg']",Jim Pentecost,,$55 million
Operation Dumbo Drop,7/28/1995,108,,"$24,670,346 ",Simon Wincer,"['Produced by', 'Diane Nabatoff', 'David Madden']",,$24 million
A Kid in King Arthur's Court,8/11/1995,89,,$13.4 million (domestic),Michael Gottlieb,"['Produced by', 'Peter Abrams', 'J.P. Guerin', 'Robert L. Levy']","['Written by', 'Michael Part', 'Robert L. Levy']",$15 million
The Big Green,9/29/1995,99,United States,$17.7 million,Holly Goldberg Sloan,"['Produced by', 'Dennis Bishop', 'Roger Birnbaum']",Holly Goldberg Sloan,$12 million
Frank and Ollie,1/22/1995,89,United States,,Theodore Thomas,"['Produced by', 'Kuniko Okubo', 'Theodore Thomas']",Theodore Thomas,
Toy Story,11/19/1995,81,United States,$373 million,John Lasseter,"['Bonnie Arnold', 'Ralph Guggenheim']",,$30 million
Tom and Huck,12/22/1995,92,United States,$23.9 million,Peter Hewitt,"['Produced by', 'Laurence Mark', 'Stephen Sommers']",,
Muppet Treasure Island,2/16/1996,100,United States,$34.3 million(North America),Brian Henson,"['Martin G. Baker', 'Brian Henson']",,$31 million
Homeward Bound II:Lost in San Francisco,3/8/1996,89,United States,$32.7 million,David R. Ellis,Barry Jossen,"['Written by', 'Chris Hauty', 'Julie Hickson']",
James and the Giant Peach,4/12/1996,79,,$37.7 million,Henry Selick,"['Produced by', 'Denise Di Novi', 'Tim Burton']",,$38 million
The Hunchback of Notre Dame,6/21/1996,91,United States,$325.3 million,"['Gary Trousdale', 'Kirk Wise']",Don Hahn,,$100 million
First Kid,8/30/1996,101,United States,"$26,465,920 (USA)",David M. Evans,Roger Birnbaum,Tim Kelleher,$15 million
D3: The Mighty Ducks,10/4/1996,104,United States,$22.9 million,Robert Lieberman,"['Produced by', 'Jordan Kerner', 'Jon Avnet']",,
101 Dalmatians,11/27/1996,103,United States,$320.7 million,Stephen Herek,"['John Hughes', 'Ricardo Mestres']",,$75 million
That Darn Cat,2/14/1997,86,United States,$18.3 million,Bob Spiers,Robert Simonds,,
Jungle 2 Jungle,3/7/1997,105,,$59.9 million,John Pasquin,"['Produced by', 'Richard Baker', 'Brad Krevoy']","['Written by', 'Bruce A. Evans', 'Raynold Gideon']",$32 million
Hercules,6/13/1997,93,United States,$252.7 million,"['Ron Clements', 'John Musker']","['Alice Dewey', 'Ron Clements', 'John Musker']",,$85 million
George of the Jungle,7/16/1997,92,United States,$174.4 million,Sam Weisman,"['Produced by', 'David Hoberman', 'Jordan Kerner', 'Jon Avnet']",,$55 million
Air Bud,8/1/1997,98,,$27.8 million,Charles Martin Smith,"['Produced by', 'Robert Vince', 'William Vince']","['Written by', 'Paul Tamasy', 'Aaron Mendelsohn']",$3 million
RocketMan,10/10/1997,95,United States,$15.4 million,Stuart Gillard,Roger Birnbaum,"['Written by', 'Oren Aviv', 'Craig Mazin', 'Greg Erb']",$16 million
Flubber,11/16/1997,93,United States,$178 million,Les Mayfield,"['John Hughes', 'Ricardo Mestres']",,$80 million
Mr. Magoo,12/25/1997,87,United States,$28.9 million,Stanley Tong,Ben Myron,"['Pat Proft', 'Tom Sherohman']",$30 million
Meet the Deedles,3/27/1998,93,United States,$4.4 million,Steve Boyum,"['Dale Pollock', 'Aaron Meyerson']",Jim Herzfeld,$24 million
Mulan,6/19/1998,87,United States,$304.3 million,"['Barry Cook', 'Tony Bancroft']",Pam Coats,,$90 million
The Parent Trap,7/29/1998,128,United States,$92.1 million,Nancy Meyers,Charles Shyer,,$15 million
I'll Be Home for Christmas,11/13/1998,86,United States,$12.2 million,Arlene Sanford,"['Robin French', 'Justis Greene', 'David Hoberman', 'Tracey Trench']",,$30 million
A Bug's Life,11/20/1998,95,United States,$363.3 million,John Lasseter,"['Darla K. Anderson', 'Kevin Reher']",,$120 million
Mighty Joe Young,12/25/1998,114,United States,$50.6 million(US),Ron Underwood,"['Produced by', 'Ted Hartley', 'Tom Jacobson']",,$90 million
My Favorite Martian,2/12/1999,93,United States,$36.8 million,Donald Petrie,"['Produced by', 'Jerry Leider', 'Robert Shapiro', 'Marc Toberoff']","['Written by', 'Sherri Stoner', 'Deanna Oliver']",$65 million
Doug's 1st Movie,3/26/1999,83,United States,$19.4 million,Maurice Joyce,"['Produced by', 'David Campbell', 'Melanie Grisanti', 'Jim Jinkins', 'Bruce Knapp', 'Jack Spillum']",,$5 million
Endurance,5/14/1999,83,,,"['Directed by', 'Leslie Woodhead', 'Bud Greenspan']","['Produced by', 'Terrence Malick', 'Max Palevsky', 'Edward R. Pressman']",,
Tarzan,6/12/1999,88,United States,$448.2 million,"['Kevin Lima', 'Chris Buck']",Bonnie Arnold,,$130 million
Inspector Gadget,7/23/1999,78,United States,$134.4 million,David Kellogg,"['Roger Birnbaum', 'Andy Heyward', 'Jordan Kerner']",,$90 million
The Straight Story,5/1/1999,112,,$6.2 million,David Lynch,"['Produced by', 'Mary Sweeney', 'Neal Edelstein', 'Alain Sarde']","['Written by', 'John Roach', 'Mary Sweeney']",$10 million
Toy Story 2,11/13/1999,92,United States,$497.4 million,John Lasseter,"['Helene Plotkin', 'Karen Robert Jackson']",,$90 million
Fantasia 2000,12/17/1999,74,United States,$90.9 million,"['Don Hahn', 'Pixote Hunt', 'Hendel Butoy', 'Eric Goldberg', 'James Algar', 'Francis Glebas', 'Paul and Gaëtan Brizzi']",Donald W. Ernst,"['Don Hahn', 'Irene Mecchi', 'David Reynolds', 'Kirk Hanson', 'Kelvin Yasuda', 'James Fujii', 'Francis Glebas', 'Brenda Chapman', 'Christopher Sanders', 'Eric Goldberg', 'James Capobianco', 'Ron Muerin', 'Joe Grant', 'Dick Huemer', 'Perce Pearce', 'Carl Fallberg', 'Robert Gibbs', 'Terry Naughton', 'Todd Kurosawa', 'Pat Ventura', 'Don Dougherty', 'Stevie Wermers', 'Paul and Gaëtan Brizzi']",$80–$85 million
The Tigger Movie,2/11/2000,78,,$96.2 million,Jun Falkenstein,Cheryl Abood,,$15 million–$30 million
Dinosaur,5/19/2000,82,United States,$349.8 million,"['Ralph Zondag', 'Eric Leighton']",Pam Marsden,,$127.5 million
The Kid,7/7/2000,104,United States,$110.3 million,Jon Turteltaub,"['Hunt Lowry', 'Christina Steinberg', 'Jon Turteltaub']",Audrey Wells,$65 million
Remember The Titans,9/29/2000,113,United States,$136.8 million,Boaz Yakin,"['Produced by', 'Jerry Bruckheimer', 'Chad Oman']",Gregory Allen Howard,$30 million
102 Dalmatians,11/22/2000,100,United States,$183.6 million,Kevin Lima,Edward S. Feldman,,$85 million
The Emperor's New Groove,12/15/2000,78,United States,$169.6 million,Mark Dindal,Randy Fullmer,,$100 million
Recess: School's Out,2/10/2001,83,United States,$44.5 million,Chuck Sheetz,"['Joe Ansolabehere', 'Paul Germain', 'Toshio Suzuki', 'Stephen Swofford']",,$23 million
Atlantis: The Lost Empire,6/3/2001,96,United States,$186.1 million,"['Gary Trousdale', 'Kirk Wise']",Don Hahn,,$90–120 million
The Princess Diaries,8/3/2001,115,United States,$165.3 million,Garry Marshall,"['Whitney Houston', 'Debra Martin Chase', 'Mario Iscovich']",,$26 million
Max Keeble's Big Move,10/5/2001,86,United States,$18.6 million,Tim Hill,Mike Karz,,$25 million
"Monsters, Inc.",10/28/2001,92,United States,$577.4 million,Pete Docter,Darla K. Anderson,,$115 million
Snow Dogs,1/18/2002,99,United States,$115 million,Brian Levant,Jordan Kerner,"['Written by', 'Jim Kouf', 'Tommy Swerdlow', 'Michael Goldberg', 'Mark Gibson', 'Philip Halprin']",$33 million
Return to Never Land,2/10/2002,73,United States,$115.1 million,Robin Budd,"['Christopher Chase', 'Michelle Pappalardo-Robinson', 'Dan Rounds']",,$20 million
The Rookie,3/29/2002,128,United States,$80.7 million,John Lee Hancock,"['Produced by', 'Mark Ciardi', 'Gordon Gray', 'Mark Johnson']",Mike Rich,$22 million
Lilo & Stitch,6/21/2002,85,United States,$273.1 million,"['Chris Sanders', 'Dean DeBlois']",Clark Spencer,,$80 million
The Country Bears,7/21/2002,88,United States,$18 million,Peter Hastings,"['Produced by', 'Andrew Gunn', 'Jeffrey Chernov']",Mark Perez,$35 million
Tuck Everlasting,10/11/2002,96,United States,$19.3 million,Jay Russell,"['Produced by', 'Marc Abraham', 'Jane Startz', 'Thomas Bliss']",,$15 million
The Santa Clause 2,11/1/2002,104,United States,$172.9 million,Michael Lembeck,"['Robert Newmyer', 'Brian Reilly', 'Jeffrey Silver']","['Don Rhymer', 'Cinco Paul', 'Ken Daurio', 'Ed Decter', 'John J. Strauss']",$65 million
Treasure Planet,11/27/2002,95,United States,$109.6 million,"['Directed by', 'Ron Clements', 'John Musker']","['Produced by', 'Ron Clements', 'John Musker', 'Roy Conli']",,$140 million
The Jungle Book 2,2/14/2003,72,,$135.7 million,Steve Trenbirth,"['Produced by', 'Christopher Chase', 'Mary Thorne']","['Written by', 'Karl Geurs', 'Evan Spiliotopoulos']",$20 million
Piglet's Big Movie,3/16/2003,75,United States,$62.9 million,Francis Glebas,Michelle Pappalardo-Robinson,,$46 million
Ghosts of the Abyss,3/31/2003,61,United States,$28.7 million,James Cameron,"['Produced by', 'John Bruno', 'James Cameron', 'Chuck Comisky', 'Janace Tashjian', 'Andrew Wight']",,$13 million
Holes,4/18/2003,117,United States,$71.4 million,Andrew Davis,"['Andrew Davis', 'Lowell D. Blank', 'Mike Medavoy', 'Teresa Tucker-Davies']",,$20 million
The Lizzie McGuire Movie,5/2/2003,94,United States,$55.5 million,Jim Fall,Stan Rogow,,$17 million
Finding Nemo,5/30/2003,100,United States,$940.3 million,Andrew Stanton,Graham Walters,,$94 million
Pirates of the Caribbean:The Curse of the Black Pearl,6/28/2003,143,United States,$654.3 million,Gore Verbinski,Jerry Bruckheimer,,$140 million
Freaky Friday,8/4/2003,97,United States,$160.8 million,Mark Waters,Andrew Gunn,,$26 million
Brother Bear,11/1/2003,85,United States,$250.4 million,"['Directed by', 'Aaron Blaise', 'Robert Walker']",Chuck Williams,,$46 million
The Haunted Mansion,11/26/2003,86,United States,$182.3 million,Rob Minkoff,"['Andrew Gunn', 'Don Hahn']",David Berenbaum,$90 million
The Young Black Stallion,12/25/2003,50,United States,"$9,638,389 ",Simon Wincer,"['Fred Roos', 'Frank Marshall']",,
Teacher's Pet,1/16/2004,74,United States,$6.5 million,Timothy Björklund,Stephen Swofford,,$10 million
Miracle,2/6/2004,136,United States,$64.5 million,Gavin O'Connor,"['Mark Ciardi', 'Gordon Gray', 'Ross Greenburg', 'Justis Greene', 'Jon Mone', ""Greg O'Connor""]","['Eric Guggenheim', 'Mike Rich']",$28 million
Confessions of a TeenageDrama Queen,2/20/2004,89,United States,$33.1 million,Sara Sugarman,"['Robert Shapiro', 'Jerry Leider']",,$15 million
Home on the Range,4/2/2004,76,United States,$145.5 million,"['Will Finn', 'John Sanford']",Alice Dewey Goldstone,"['Will Finn', 'John Sanford']",$110 million
Sacred Planet,4/22/2004,40,,"$1,108,356 ","['Directed by', 'Jon Long', 'Hairul Salleh Askor']","['Produced by', 'Jon Long', 'Karen Fernandez Long']","['Written by', 'Karen Fernandez Long', 'Jon Long']",
Around the World in 80 Days,4/6/2004,120,United States,$72.2 million,Frank Coraci,"['Produced by', 'Bill Badalato', 'Hal Lieberman']",,$110 million
America's Heart and Soul,7/2/2004,84,United States,"$314,402 ",Louis Schwartzberg,Louis Schwartzberg,,
The Princess Diaries 2:Royal Engagement,8/11/2004,113,United States,$134.7 million,Garry Marshall,"['Whitney Houston', 'Debra Martin Chase']",,$45 million
The Incredibles,10/27/2004,115,United States,$633 million,Brad Bird,John Walker,Brad Bird,$92 million
National Treasure,11/19/2004,131,United States,$347.5 million,Jon Turteltaub,"['Jerry Bruckheimer', 'Jon Turteltaub']",,$100 million
Aliens of the Deep,1/28/2005,100,United States,$9 million,"['James Cameron', 'Steven Quale']","['James Cameron', 'Andrew Wight']",,
Pooh's Heffalump Movie,2/11/2005,68,United States,$52.9 million,Frank Nissen,Jessica Koplos-Miller,"['Brian Hohlfeld', 'Evan Spiliotopoulos']",$20 million
The Pacifier,3/4/2005,95,United States,$198.6 million,Adam Shankman,"['Roger Birnbaum', 'Gary Barber', 'Jonathan Glickman']","['Thomas Lennon', 'Robert Ben Garant']",$56 million
Ice Princess,3/18/2005,97,United States,$27.6 million,Tim Fywell,Bridget Johnson,,$25 million
Herbie: Fully Loaded,6/22/2005,101,United States,$144.1 million,Angela Robinson,Robert Simonds,,$50 million
Sky High,7/29/2005,100,United States,$86.4 million,Mike Mitchell,Andrew Gunn,"['Paul Hernandez', 'Bob Schooley', 'Mark McCorkle']",$35 million
Valiant,3/25/2005,76,,$61.7 million,Gary Chapman,"['John H. Williams', 'Barnaby Thompson(executive producer)']",,$35 million
The Greatest Game Ever Played,9/30/2005,120,United States,$15.4 million,Bill Paxton,"['Produced by', 'David Blocker', 'Larry Brezner', 'Mark Frost']",,$25 million
Chicken Little,10/30/2005,81,United States,$314.4 million,Mark Dindal,Randy Fullmer,,$150 million
"The Chronicles of Narnia:The Lion, the Witch and the Wardrobe",12/7/2005,143,,$745 million,Andrew Adamson,"['Produced by', 'Mark Johnson', 'Phillip Steuer']",,$180 million
Glory road,1/13/2006,106,United States,$42.9 million,James Gartner,"['Produced by', 'Jerry Bruckheimer']",,$30 million
Roving Mars,1/27/2006,40,United States,$11 million,George Butler,"['Produced by', 'George Butler', 'Frank Marshall']","['Written by', 'Robert Andrus', 'George Butler']",$1 million
Eight Below,2/17/2006,120,United States,$120.5 million,Frank Marshall,"['Patrick Crowley', 'David Hoberman']",,$40 million
The Shaggy Dog,3/10/2006,99,United States,$87.1 million,Brian Robbins,"['David Hoberman', 'Tim Allen']",,$50 million
The Wild,4/14/2006,82,,$102.3 million,"Steve ""Spaz"" Williams","['Produced by', 'Clint Goldman', 'Beau Flynn']",,$80 million
Cars,5/26/2006,117,United States,$462million,John Lasseter,Darla K. Anderson,,$120million
Pirates of the Caribbean:  Dead Man's Chest,6/24/2006,150,United States,$1.066 billion,Gore Verbinski,Jerry Bruckheimer,"['Ted Elliott', 'Terry Rossio']",$225 million
Invincible,8/25/2006,104,United States,$58.5 million,Ericson Core,"['Produced by', 'Gordon Gray', 'Mark Ciardi']",Brad Gann,$30 million
The Santa Clause 3:The Escape Clause,11/3/2006,92,United States,$110.8 million,Michael Lembeck,"['Robert Newmyer', 'Brian Reilly', 'Jeffrey Silver']","['Ed Decter', 'John J. Strauss']",$12 million
Bridge to Terabithia,2/16/2007,95,United States,$137.6 million,Gábor Csupó,"['David L. Paterson', 'Lauren Levine', 'Hal Lieberman']",,$20–25 million
Meet the Robinsons,3/23/2007,94,United States,$169.3 million,Stephen Anderson,Dorothy McKim,,$150 million
Pirates of the Caribbean:  At World's End,5/19/2007,167,United States,$961 million,Gore Verbinski,Jerry Bruckheimer,"['Ted Elliott', 'Terry Rossio']",$300 million
Ratatouille,6/22/2007,111,United States,$620.7 million,Brad Bird,Brad Lewis,,$150 million
Underdog,8/3/2007,82,United States,$65.3 million,Frederik Du Chau,"['Gary Barber', 'Roger Birnbaum', 'Jonathan Glickman', 'Jay Polstein']","['Joe Piscatella', 'Adam Rifkin', 'Craig A. Williams']",$25 million
The Pixar Story,8/28/2007,87,,,Leslie Iwerks,Leslie Iwerks,Leslie Iwerks,
The Game Plan,9/23/2007,110,United States,$146.6 million,Andy Fickman,"['Mark Ciardi', 'Gordon Gray']",,$22 million
Enchanted,10/20/2007,107,United States,$340.5 million,Kevin Lima,"['Barry Josephson', 'Barry Sonnenfeld']",Bill Kelly,$85 million
National Treasure: Book of Secrets,12/21/2007,124,United States,$459.2 million,Jon Turteltaub,"['Jerry Bruckheimer', 'Jon Turteltaub']",,$130 million
Hannah Montana and Miley Cyrus:Best of Both Worlds Concert,2/1/2008,74,United States,$70.6 million,Bruce Hendricks,Art Repola,,$7 million
College Road Trip,3/7/2008,83,United States,$51.5 million,Roger Kumble,Andrew Gunn,"['Written by', 'Emi Mochizuki', 'Carrie Evans', 'Cinco Paul', 'Ken Daurio']",$25 million
The Chronicles of Narnia: Prince Caspian,5/7/2008,150,,$419.7 million,Andrew Adamson,"['Mark Johnson', 'Andrew Adamson', 'Philip Steuer']",,$225 million
WALL-E,6/23/2008,97,United States,$521.3 million,Andrew Stanton,Jim Morris,,$180 million
Beverly Hills Chihuahua,10/3/2008,91,United States,$149.3 million,Raja Gosnell,"['Produced by', 'David Hoberman', 'Todd Lieberman', 'John Jacobs', 'Ricardo Del Río']",,$20 million
Morning Light,10/17/2008,100,United States,"$275,776 ",Mark Monroe,Morgan Sackett,Mark Morone,
High School Musical 3:  Senior Year,10/17/2008,,United States,$252.9 million,Kenny Ortega,"['Bill Borden', 'Barry Rosenbush']",Peter Barsocchini,$11 million
Bolt,11/21/2008,96,United States,$310 million,"['Chris Williams', 'Byron Howard']",Clark Spencer,,$150 million
Bedtime Stories,12/25/2008,99,United States,$212.9 million,Adam Shankman,"['Produced by', 'Adam Sandler', 'Andrew Gunn', 'Jack Giarraputo']",,$80 million
Jonas Brothers:The 3D Concert Experience,2/27/2009,,United States,$23.1 million,Bruce Hendricks,"['Produced by', 'Kevin Jonas, Sr.', 'Alan Sacks', 'Johnny Wright', 'Phil McIntyre']",,
Race to Witch Mountain,3/11/2009,98,United States,$106.4 million,Andy Fickman,Andrew Gunn,,$50 million
Hannah Montana: The Movie,4/10/2009,97,United States,$170  million,Peter Chelsom,"['David Blocker', 'Billy Ray Cyrus', 'Alfred Gough', 'Miles Millar', 'Steven Peterman', 'Michael Poryes']",Dan Berendsen,$30 million
Earth,10/10/2007,,,$109 million,"['Alastair Fothergill', 'Mark Linfield']","['Alix Tidmarsh', 'Sophokles Tasioulius']","['Alastair Fothergill', 'Mark Linfield', 'Leslie Megahey']",$47 million
Up,5/29/2009,96,United States,$735.1 million,Pete Docter,Jonas Rivera,,$175 million
Hexe Lilli: Der Drache und das magische Buch,nan,,,,Stefan Ruzowitzky,,,
G-Force,7/24/2009,90,United States,$292.8 million,Hoyt H. Yeatman Jr.,Jerry Bruckheimer,,$150 million
Walt & El Grupo,6/30/1905,,United States,,Theodore Thomas,,Theodore Thomas,
Книга Мастеров,7/1/1905,101,Russia,$11.3 million,Vadim Sokolovsky,"['Produced by', 'Leonid Vereshchagin,', 'Marina Zhigalov-Ozkan']","['Written by', 'Vadim Sokolovsky,', 'Anna Starobinets']",$8 million(₽350 million)
A Christmas Carol,11/3/2009,96,United States,$325 million,Robert Zemeckis,"['Steve Starkey', 'Robert Zemeckis', 'Jack Rapke']",Robert Zemeckis,$175-200 million
Old Dogs,11/25/2009,88,United States,$96.8 million,Walt Becker,"['Produced by', 'Andrew Panay', 'Robert L. Levy', 'Peter Abrams']","['Written by', 'David Diamond', 'David Weissman']",$35 million
The Princess and the Frog,11/25/2009,97,United States,$269 million,"['Ron Clements', 'John Musker']",Peter Del Vecho,,$105 million
Alice in Wonderland,2/25/2010,108,United States,$1.025 billion,Tim Burton,"['Richard D. Zanuck', 'Joe Roth', 'Suzanne Todd', 'Jennifer Todd']",,$150–$200million
Oceans,10/17/2009,,France,$82.7 million,"['Directed by', 'Jacques Perrin', 'Jacques Cluzaud', '(co-director)']","['Produced by', 'Jacques Perrin', 'Romain Legrand', 'Nicolas Mauvernay', 'Jake Eberts']","['Written by', 'Christophe Cheysson', 'Jacques Cluzaud', 'Laurent Debas', 'Stéphane Durand', 'Laurent Gaudé', 'Jacques Perrin', 'François Sarano']",$80 million
Prince of Persia: The Sands of Time,5/9/2010,116,United States,$336.4 million,Mike Newell,Jerry Bruckheimer,,$200 million
Toy Story 3,6/12/2010,103,United States,$1.067 billion,Lee Unkrich,Darla K. Anderson,,$200 million
The Sorcerer's Apprentice,7/8/2010,109,United States,$215.3 million,Jon Turteltaub,Jerry Bruckheimer,,$150 million
The Crimson Wing: Mystery of the Flamingos,10/26/2008,74,,,"['Directed by', 'Matthew Aeberhard', 'Leander Ward']","['Produced by', 'Matthew Aeberhard', 'Leander Ward', 'Paul Webster', '(executive producer)', 'Stephen Garrett (executive producer)']",Melanie Finn,
Secretariat,9/30/2010,123,United States,$60.3 million,Randall Wallace,"['Produced by', 'Mark Ciardi', 'Gordon Gray']","['Written by', 'Mike Rich', 'Sheldon Turner']",$35 million
Do Dooni Chaar,10/8/2010,108,India,,Habib Faisal,Arindam Chaudhuri,,
Tangled,11/14/2010,100,United States,$592.4 million,"['Nathan Greno', 'Byron Howard']",Roy Conli,,$260 million
The Boys: The Sherman Brothers' Story,4/24/2009,101,United States,"$55,513 ","['Directed by', 'Gregory V. Sherman', 'Jeffrey C. Sherman']","['Produced by', 'Gregory V. Sherman', 'Jeffrey C. Sherman', 'Executive:', 'Stuart Cornfeld', 'Ben Stiller']",,
Tron: Legacy,11/30/2010,125,United States,$400.1 million,Joseph Kosinski,"['Sean Bailey', 'Jeffrey Silver', 'Steven Lisberger']",,$170 million
Anaganaga O Dheerudu,1/14/2011,,India,(US$7.0 million),Prakash Kovelamudi,"['Produced by', 'Prakash Kovelamudi', 'Shobu Yarlagadda', 'Prasad Devineni']",Choudekar Haricharan Madnoor,(US$3.8 million)
Lilly the Witch:The Journey to Mandolan,2/17/2011,90,Germany,,Harald Sicheritz,,"['Written by', 'Bettine von Borries', 'Achim von Borries']",
Mars Needs Moms,3/11/2011,88,United States,$39.2 million,Simon Wells,"['Robert Zemeckis', 'Jack Rapke', 'Steve Starkey', 'Steven Boyd']",,$150 million
Zokkomon,4/22/2011,109,India,,Satyajit Bhatkal,,,
African Cats,4/22/2011,89,,$30.9 million,"['Directed by', 'Alastair Fothergill', 'Keith Scholey']","['Produced by', 'Alix Tidmarsh', 'Keith Scholey']",,$5 million
Prom,4/29/2011,104,United States,$10.7 million,Joe Nussbaum,"['Produced by', 'Ted Griffin', 'Justin Springer']",Katie Wech,$8 million
Pirates of the Caribbean:On Stranger Tides,5/7/2011,137,United States,$1.046 billion,Rob Marshall,Jerry Bruckheimer,"['Ted Elliott', 'Terry Rossio']","['$410.6 million (gross)', '$378.5 million (net)']"
Cars 2,6/18/2011,106,United States,$562.1 million,John Lasseter,Denise Ream,,$200 million
Winnie the Pooh,4/6/2011,69,United States,$50.1 million,"['Stephen Anderson', 'Don Hall']","['Peter Del Vecho', 'Clark Spencer']",,$30 million
The Muppets,11/4/2011,103,United States,$165.2 million,James Bobin,"['David Hoberman', 'Todd Lieberman']","['Jason Segel', 'Nicholas Stoller']",$45 million
John Carter,2/22/2012,132,United States,$284.1 million,Andrew Stanton,"['Jim Morris', 'Colin Wilson', 'Lindsey Collins']",,"['$306.6 million (gross)', '$263.7 million (net)']"
Chimpanzee,4/20/2012,77,,$34.8 million,"['Directed by', 'Alastair Fothergill', 'Mark Linfield']","['Produced by', 'Alastair Fothergill', 'Mark Linfield', 'Alix Tidmarsh']","['Written by', 'Alastair Fothergill', 'Mark Linfield', 'Don Hahn']",$5 million
Arjun: The Warrior Prince,5/25/2012,96,India,,Arnab Chaudhuri,"['Produced by', 'Ronnie Screwvala', 'Siddharth Roy Kapur']",,
Brave,6/10/2012,93,United States,$540.4 million,"['Mark Andrews', 'Brenda Chapman']",Katherine Sarafian,,$185 million
The Odd Life of Timothy Green,8/15/2012,104,United States,$56 million,Peter Hedges,"['Scott Sanders', 'James Whitaker', 'Ahmet Zappa']",,$25 million
Frankenweenie,9/20/2012,87,United States,$81.5 million,Tim Burton,"['Produced by', 'Tim Burton', 'Allison Abbate']",,$39 million
Wreck-It Ralph,10/29/2012,101,United States,$471.2 million,Rich Moore,Clark Spencer,,$165 million
Oz the Great and Powerful,2/14/2013,130,United States,$493.3 million,Sam Raimi,Joe Roth,,$200–215 million
Wings of Life,3/16/2011,77,,,Louis Schwartzberg,"['Produced by', 'Grady Candler', 'Alix Tidmarsh']",,
Monsters University,6/5/2013,104,United States,$743.6 million,Dan Scanlon,Kori Rae,"['Dan Gerson', 'Robert L. Baird', 'Dan Scanlon']",$200 million
The Lone Ranger,6/22/2013,149,United States,$260.5 million,Gore Verbinski,"['Jerry Bruckheimer', 'Gore Verbinski']",,$225–250 million
Planes,8/2/2013,92,United States,$239.3 million,Klay Hall,Tracy Balthazor-Flynn,,$50 million
Frozen,11/19/2013,102,United States,$1.280 billion,"['Chris Buck', 'Jennifer Lee']",Peter Del Vecho,,$150 million
Saving Mr. Banks,10/20/2013,125,,$117.9 million,John Lee Hancock,"['Alison Owen', 'Ian Collie', 'Philip Steuer']","['Kelly Marcel', 'Sue Smith']",$35 million
Muppets Most Wanted,3/11/2014,107,United States,$80.4 million,James Bobin,"['David Hoberman', 'Todd Lieberman']","['James Bobin', 'Nicholas Stoller']",$51 million
Bears,4/18/2014,77,United States,$21.3 million,"['Directed by', 'Alastair Fothergill', 'Keith Scholey']",,"['Written by', 'Alastair Fothergill', 'Adam Chapman']",$5 million
Million Dollar Arm,5/6/2014,124,United States,$39.2 million,Craig Gillespie,"['Produced by', 'Michael Mandt', 'Neil Mandt', 'Joe Roth', 'Mark Ciardi', 'Gordon Gray']",Tom McCarthy,$25 million
Maleficent,5/28/2014,97,United States,$758.5 million,Robert Stromberg,Joe Roth,,$180–263 million
Planes: Fire & Rescue,7/15/2014,84,United States,$147 million,Bobs Gannaway,Ferrell Barron,"['Bobs Gannaway', 'Jeffrey M. Howard']",$50 million
"Alexander and the Terrible, Horrible, No Good, Very Bad Day",10/6/2014,81,United States,$100.7 million,Miguel Arteta,"['Produced by', 'Shawn Levy', 'Dan Levine', 'Lisa Henson']",,$28 million
Big Hero 6,10/23/2014,102,United States,$657.8 million,"['Don Hall', 'Chris Williams']",Roy Conli,,$165 million
Into the Woods,12/8/2014,124,United States,$213.1 million,Rob Marshall,"['Rob Marshall', 'John DeLuca', 'Marc Platt', 'Callum McDougall']",,$50 million
"McFarland, USA",2/9/2015,129,United States,$45.7 million,Niki Caro,"['Gordon Gray', 'Mark Ciardi']",,$17 million
Cinderella,2/13/2015,106,,$543 million,Kenneth Branagh,"['Simon Kinberg', 'Allison Shearmur', 'David Barron']",,$95 million
Monkey Kingdom,4/17/2015,82,United States,$17.1 million,"['Mark Linfield', 'Alastair Fothergill']","['Mark Linfield', 'Alastair Fothergill']",,$5–10 million
Tomorrowland,5/9/2015,130,United States,$209 million,Brad Bird,"['Damon Lindelof', 'Brad Bird', 'Jeffrey Chernov']",,$180–190 million
Inside Out,5/18/2015,95,United States,$858 million,Pete Docter,Jonas Rivera,,$175 million
ABCD 2,6/19/2015,154,India,est.,Remo D'Souza,Siddharth Roy Kapur,"['Written by', 'Dialogues and Lyrics:', 'Mayur Puri', 'Screenplay:', ""Remo D'Souza"", 'Tushar Hiranandani']",
The Good Dinosaur,11/10/2015,97,United States,$332.2 million,Peter Sohn,Denise Ream,,$175–200 million
The Finest Hours,1/25/2016,117,United States,$52.1 million,Craig Gillespie,"['Jim Whitaker', 'Dorothy Aufiero']",,$70–80 million
Zootopia,2/13/2016,108,United States,$1.024billion,"['Byron Howard', 'Rich Moore']",Clark Spencer,,$150million
The Jungle Book,4/4/2016,106,United States,$966.6 million,Jon Favreau,"['Jon Favreau', 'Brigham Taylor']",Justin Marks,$175–177 million
Alice Through the Looking Glass,5/10/2016,114,United States,$299.5 million,James Bobin,"['Joe Roth', 'Suzanne Todd', 'Jennifer Todd', 'Tim Burton']",Linda Woolverton,$170 million
Finding Dory,6/8/2016,97,United States,$1.029billion,Andrew Stanton,Lindsey Collins,,$175–200million
The BFG,5/14/2016,117,United States,$195.2 million,Steven Spielberg,"['Steven Spielberg', 'Frank Marshall', 'Sam Mercer']",,$140 million
Pete's Dragon,8/8/2016,103,United States,$143.7 million,David Lowery,James Whitaker,,$65 million
Queen of Katwe,9/10/2016,124,United States,$10.4 million,Mira Nair,"['John Carls', 'Lydia Dean Pilcher']",,$15 million
Moana,11/14/2016,107,,$690.8 million,"['Ron Clements', 'John Musker']",Osnat Shurer,,$150–175 million
Dangal,12/21/2016,161,India,"['Box office', 'est.', '(', ')']",Nitesh Tiwari,"['Produced by', 'Aamir Khan', 'Kiran Rao', 'Siddharth Roy Kapur']","['Written by', 'Nitesh Tiwari', 'Piyush Gupta', 'Shreyas Jain', 'Nikhil Meharotra']",70crore
March of the Penguins,1/26/2005,80,France,$127.4 million,Luc Jacquet,"['Yves Darondeau', 'Christophe Lioud', 'Emmanuel Priou']","['Luc Jacquet', 'Michel Fessler', 'Jordan Roberts (English Version)']",$8 million
Beauty and the Beast,2/23/2017,129,United States,$1.264 billion,Bill Condon,"['David Hoberman', 'Todd Lieberman']",,$160–255 million
Pirates of the Caribbean:Dead Men Tell No Tales,5/11/2017,129,United States,$794.9 million,"['Joachim Rønning', 'Espen Sandberg']",Jerry Bruckheimer,,$230 million
Cars 3,5/23/2017,102,United States,$383.9 million,Brian Fee,Kevin Reher,,$175 million
Ghost of the Mountains,6/30/2017,,United States,,Ben Wallis,Brian Leith,Ben Wallis,
Jagga Jasoos,7/14/2017,162,India,83 crore,Anurag Basu,"['Produced by', 'Siddharth Roy Kapur', 'Anurag Basu', 'Ranbir Kapoor']","['Written by', 'Screenplay:', 'Anurag Basu', 'Dialogues in Rhyme:', 'Amitabh Bhattacharya', 'Anurag Basu', 'Devesh Kapoor', 'Samrat Chakraborty', 'Debatma Mandal', 'Dialogues:', 'Samrat Chakraborty']","['Budget', '131\xa0crore']"
Coco,10/20/2017,105,United States,$807.8million,Lee Unkrich,Darla K. Anderson,,$175–225million
A Wrinkle in Time,2/26/2018,109,United States,$133.4 million,Ava DuVernay,"['Jim Whitaker', 'Catherine Hand']",,$100–130 million
Incredibles 2,6/5/2018,118,United States,$1.243 billion,Brad Bird,"['John Walker', 'Nicole Paradis Grindle']",Brad Bird,$200 million
Christopher Robin,7/30/2018,104,United States,$197.7 million,Marc Forster,"['Brigham Taylor', 'Kristin Burr']",,$70-75 million
The Nutcracker and the Four Realms,10/29/2018,99,United States,$174 million,"['Lasse Hallström', 'Joe Johnston']","['Mark Gordon', 'Larry Franco']",Ashleigh Powell,$120–133 million
Ralph Breaks the Internet,11/5/2018,112,United States,$529.3million,"['Rich Moore', 'Phil Johnston']",Clark Spencer,,$175million
Mary Poppins Returns,11/29/2018,131,United States,$349.5 million,Rob Marshall,"['Rob Marshall', 'John DeLuca', 'Marc Platt']",,$130 million
Dumbo,3/11/2019,112,United States,$353.3 million,Tim Burton,"['Justin Springer', 'Ehren Kruger', 'Katterli Frauenfelder', 'Derek Frey']",,$170 million
Penguins,4/17/2019,76,United States,$7.7 /  million,"['Alastair Fothergill', 'Jeff Wilson']","['Alastair Fothergill', 'Keith Scholey', 'Roy Conli', 'Jeff Wilson']",David Fowler,
Aladdin,5/8/2019,128,United States,,Guy Ritchie,"['Dan Lin', 'Jonathan Eirich']",,$183 million
Toy Story 4,6/11/2019,100,United States,$1.073 billion,Josh Cooley,"['Mark Nielsen', 'Jonas Rivera']",,$200 million
The Lion King,7/9/2019,118,,$1.657 billion,Jon Favreau,"['Jon Favreau', 'Jeffrey Silver', 'Karen Gilchrist']",,$250–260 million
Maleficent: Mistress of Evil,10/18/2019,119,United States,$491.7 million,Joachim Rønning,"['Joe Roth', 'Angelina Jolie', 'Duncan Henderson']","['Linda Woolverton', 'Noah Harpster', 'Micah Fitzerman-Blue']",$185 million
Lady and the Tramp,11/12/2019,104,United States,,Charlie Bean,Brigham Taylor,,$60 million
Noelle,11/12/2019,100,United States,,Marc Lawrence,Suzanne Todd,Marc Lawrence,
Frozen II,11/7/2019,103,United States,$1.450 billion,"['Chris Buck', 'Jennifer Lee']",Peter Del Vecho,,$150 million
Togo,12/20/2019,114,United States,,Ericson Core,Kim Zubick,Tom Flynn,$40 million
Timmy Failure: Mistakes Were Made,1/25/2020,99,United States,,Tom McCarthy,"['Alexander Dostal', 'Tom McCarthy', 'Jim Whitaker']",,$42 million
Onward,2/21/2020,102,United States,$141.9 million,Dan Scanlon,Kori Rae,"['Dan Scanlon', 'Jason Headley', 'Keith Bunin']",$175–200 million
Stargirl,3/13/2020,107,United States,,Julia Hart,"['Produced by', 'Kristin Hahn', 'Ellen Goldsmith-Vein', 'Lee Stollman', 'Jordan Horowitz']",,
Dolphin Reef,3/28/2018,78,United States,,"['Alastair Fothergill', 'Keith Scholey']","['Alastair Fothergill', 'Keith Scholey', 'Roy Conli']",David Fowler,
Elephant,4/3/2020,89,United States,,"['Mark Linfield', 'Vanessa Berlowitz']","['Mark Linfield', 'Vanessa Berlowitz', 'Roy Conli']",,
Artemis Fowl,6/12/2020,95,United States,,Kenneth Branagh,"['Kenneth Branagh', 'Judy Hofflund']",,$125 million
Hamilton,7/3/2020,160,United States,,Thomas Kail,"['Thomas Kail', 'Lin-Manuel Miranda', 'Jeffrey Seller']",Lin-Manuel Miranda,$12.5 million (stage production)
Black Is King,7/31/2020,85,United States,,"['Beyoncé Knowles-Carter', 'Kwasi Fordjour', 'Emmanuel Adjei', 'Blitz Bazawule', 'Ibra Ake', 'Jenn Nkiru', 'Jake Nava', 'Pierre Debusschere', 'Dikayl Rimmasch', 'Dafe Oboro']","['Jeremy Sullivan', 'Jimi Adesanya', 'Blitz Bazawule', 'Ben Cooper', 'Astrid Edwards', 'Durwin Julies', 'Yoli Mes', 'Dafe Oboro', 'Akin Omotoso', 'Will Whitney', 'Lauren Baker', 'Jason Baum', 'Alex Chamberlain', 'Robert Day', 'Christophe Faubert', 'Brien Justiniano', 'Rethabile Molatela Mothobi', 'Sylvia Zakhary', 'Nathan Scherrer', 'Erinn Williams']","['Beyoncé Knowles-Carter', 'Yrsa Daley-Ward', 'Clover Hope', 'Andrew Morrow']",
Magic Camp,8/14/2020,100,United States,,Mark Waters,['Suzanne Todd'],,$24 million
The One and Only Ivan,8/21/2020,95,United States,,Thea Sharrock,"['Angelina Jolie', 'Allison Shearmur', 'Brigham Taylor']",,
Mulan,3/9/2020,115,United States,$70 million,Niki Caro,"['Chris Bender', 'Jake Weiner', 'Jason T. Reed']",,$200 million
Godmothered,12/4/2020,113,United States,,Sharon Maguire,Justin Springer,,
Safety,12/11/2020,119,United States,,Reginald Hudlin,"['Produced by', 'Mark Ciardi', 'Gordon Gray']",Nick Santora,
Soul,10/11/2020,101,United States,$134.8 million,Pete Docter,Dana Murray,"['Pete Docter', 'Mike Jones', 'Kemp Powers']",$150 million+
Flora & Ulysses,2/19/2021,95,United States,,Lena Khan,Gil Netter,,
Raya and the Last Dragon,3/3/2021,107,United States,$93 million,"['Don Hall', 'Carlos López Estrada']","['Osnat Shurer', 'Peter Del Vecho']",,$100 million+
Cruella,5/28/2021,,United States,,Craig Gillespie,"['Andrew Gunn', 'Marc Platt', 'Kristin Burr']",,
Luca,6/18/2021,,United States,,Enrico Casarosa,Andrea Warren,"['Mike Jones', 'Jesse Andrews']",
Jungle Cruise,7/30/2021,,United States,,Jaume Collet-Serra,"['John Davis', 'John Fox', 'Beau Flynn', 'Dwayne Johnson', 'Dany Garcia', 'Hiram Garcia']",,
The Beatles: Get Back,8/27/2021,,,,Peter Jackson,"['Peter Jackson', 'Clare Olssen', 'Jonathan Clyde']",,
Encanto,11/24/2021,,United States,,"['Byron Howard', 'Jared Bush']","['Clark Spencer', 'Yvett Merino Flores']","['Jared Bush', 'Charise Castro Smith']",
Peter Pan & Wendy,7/14/1905,,United States,,David Lowery,"['Jim Whitaker', 'Joe Roth']",,
The Little Mermaid,nan,,United States,,Rob Marshall,"['Rob Marshall', 'John DeLuca', 'Marc Platt', 'Lin-Manuel Miranda']",,
Shrunk,nan,,United States,,,"['David Hoberman', 'Todd Lieberman']",,
Chip 'n Dale: Rescue Rangers,nan,,United States,,Akiva Schaffer,"['David Hoberman', 'Todd Lieberman']",,
Enchanted,10/20/2007,107,United States,$340.5 million,Kevin Lima,"['Barry Josephson', 'Barry Sonnenfeld']",Bill Kelly,$85 million
Pinocchio,nan,,United States,,Robert Zemeckis,"['Chris Weitz', 'Andrew Milano']",,$150 millions
